courseNumber,name,departmentCode,description,credits,professorName
AAE 20000,Undergraduate Sophomore Seminar,AAE,,,
AAE 20300,Aeromechanics I,AAE,,,
AAE 20400,Aeromechanics II,AAE,,,
AAE 20401,Aeromechanics II Laboratory,AAE,,,
AAE 25100,Introduction To Aerospace Design,AAE,,,
AAE 29199,Cooperative Experience I,AAE,,,
AAE 29299,Cooperative Experience II,AAE,,,
AAE 30000,Undergraduate Junior Seminar,AAE,,,
AAE 30100,Signal Analysis For Aerospace Engineering,AAE,,,
AAE 33300,Fluid Mechanics,AAE,,,
AAE 33301,Fluid Mechanics Laboratory,AAE,,,
AAE 33400,Aerodynamics,AAE,,,
AAE 33401,Aerodynamics Laboratory,AAE,,,
AAE 33800,Thermal Sciences,AAE,,,
AAE 33900,Aerospace Propulsion,AAE,,,
AAE 34000,Dynamics And Vibrations,AAE,,,
AAE 35103,Aerospace Systems Design,AAE,,,
AAE 35200,Structural Analysis I,AAE,,,
AAE 35201,Structural Analysis I Laboratory,AAE,,,
AAE 36100,Introduction To Random Variables In Engineering,AAE,,,
AAE 36400,Control System Analysis,AAE,,,
AAE 36401,Control Systems Laboratory,AAE,,,
AAE 38199,Professional Practice Co-Op I,AAE,,,
AAE 38299,Professional Practice Co-Op II,AAE,,,
AAE 38399,Professional Practice Co-Op III,AAE,,,
AAE 39399,Cooperative Experience III,AAE,,,
AAE 39499,Extensive Cooperative Experience IV,AAE,,,
AAE 39599,Extensive Cooperative Experience V,AAE,,,
AAE 39699,Professional Practice Internship,AAE,,,
AAE 40000,Undergraduate Senior Seminar,AAE,,,
AAE 41200,Introduction To Computational Fluid Dynamics,AAE,,,
AAE 41600,Viscous Flows,AAE,,,
AAE 41800,Zero-Gravity Flight Experiment,AAE,,,
AAE 42100,Flight Dynamics And Control,AAE,,,
AAE 43800,Air-Breathing Propulsion,AAE,,,
AAE 43900,Rocket Propulsion,AAE,,,
AAE 44000,Spacecraft Attitude Dynamics,AAE,,,
AAE 45000,Spacecraft Design,AAE,,,
AAE 45100,Aircraft Design,AAE,,,
AAE 45300,Matrix Methods In Aerospace Structures,AAE,,,
AAE 45400,Design Of Aerospace Structures,AAE,,,
AAE 49000,Special Problems In Aeronautical Engineering,AAE,,,
AAE 49700,Independent Study In Aerospace Engineering,AAE,,,
AAE 50700,Principles Of Dynamics,AAE,,,
AAE 50800,Optimization In Aerospace Engineering,AAE,,,
AAE 51100,Introduction To Fluid Mechanics,AAE,,,
AAE 51200,Computational Aerodynamics,AAE,,,
AAE 51400,Intermediate Aerodynamics,AAE,,,
AAE 51500,Rotorcraft Aerodynamics,AAE,,,
AAE 51800,Low-Gravity Fluid Dynamics,AAE,,,
AAE 51900,Hypersonic Aerothermodynamics,AAE,,,
AAE 52000,Experimental Aerodynamics,AAE,,,
AAE 52100,Plasma Laboratory,AAE,,,
AAE 52300,Introduction To Remote Sensing,AAE,,,
AAE 53200,Orbit Mechanics,AAE,,,
AAE 53400,Spacecraft Electric Propulsion,AAE,,,
AAE 53500,"Propulsion Design, Build, Test",AAE,,,
AAE 53700,Hypersonic Propulsion,AAE,,,
AAE 53800,Air Breathing Propulsion,AAE,,,
AAE 53900,Advanced Rocket Propulsion,AAE,,,
AAE 54500,Dynamic Behavior of Materials,AAE,,,
AAE 54600,Aerospace Structural Dynamics And Stability,AAE,,,
AAE 54800,Mechanical Behavior Of Aerospace Materials,AAE,,,
AAE 55000,Multidisciplinary Design Optimization,AAE,,,
AAE 55100,Design Theory And Methods For Aerospace Systems,AAE,,,
AAE 55200,Nondestructive Evaluation Of Structures And Materials,AAE,,,
AAE 55300,Elasticity In Aerospace Engineering,AAE,,,
AAE 55400,Fatigue Of Structures And Materials,AAE,,,
AAE 55500,Mechanics Of Composite Materials,AAE,,,
AAE 55600,Aeroelasticity,AAE,,,
AAE 55800,Finite Element Methods In Aerospace Structures,AAE,,,
AAE 56000,System-Of-Systems Modeling And Analysis,AAE,,,
AAE 56100,Introduction To Convex Optimization,AAE,,,
AAE 56400,Systems Analysis And Synthesis,AAE,,,
AAE 56500,Guidance And Control Of Aerospace Vehicles,AAE,,,
AAE 56700,Introduction To Applied Stochastic Processes,AAE,,,
AAE 56800,Applied Optimal Control And Estimation,AAE,,,
AAE 57500,Introduction To Satellite Navigation And Positioning,AAE,,,
AAE 58500,Air Transportation Systems,AAE,,,
AAE 59000,Projects In Aeronautical Engineering,AAE,,,
AAE 59500,Aerospace Seminar,AAE,,,
AAE 59700,Independent Study In Aerospace Engineering,AAE,,,
AAE 60700,Variational Principles Of Mechanics,AAE,,,
AAE 61300,Viscous Flow Theory,AAE,,,
AAE 61500,Aeroacoustics,AAE,,,
AAE 62400,Laminar-Turbulent Transition,AAE,,,
AAE 62600,Turbulence And Turbulence Modeling,AAE,,,
AAE 63200,Advanced Orbital Dynamics,AAE,,,
AAE 64200,Graduate Professional Practice,AAE,,,
AAE 64600,Elastic Wave Propagation,AAE,,,
AAE 64800,Modeling Damage And Strengthening Mechanisms In Materials,AAE,,,
AAE 65400,Fracture Mechanics,AAE,,,
AAE 66600,"Nonlinear Dynamics, Systems, And Control",AAE,,,
AAE 66800,Hybrid Systems: Theory And Analysis,AAE,,,
AAE 67500,Advanced Signals And Systems For Satellite Navigation,AAE,,,
AAE 69000,Advanced Aeronautical Engineering Projects,AAE,,,
AAE 69800,Research MS Thesis,AAE,,,
AAE 69900,Research PhD Thesis,AAE,,,
AFT 11000,Heritage And Values I,AFT,,,
AFT 11100,Air Force ROTC Leadership Laboratory I,AFT,,,
AFT 12000,Heritage And Values II,AFT,,,
AFT 12100,Air Force ROTC Leadership Laboratory II,AFT,,,
AFT 20220,Air Force ROTC Leadership Laboratory,AFT,,,
AFT 23000,Team And Leadership Fundamentals I,AFT,,,
AFT 23100,Air Force ROTC Leadership Laboratory III,AFT,,,
AFT 24000,Team And Leadership Fundamentals II,AFT,,,
AFT 24100,Air Force ROTC Leadership Laboratory IV,AFT,,,
AFT 35100,Leading People And Effective Communication I,AFT,,,
AFT 35200,Air Force ROTC Leadership Laboratory V,AFT,,,
AFT 36100,Leading People And Effective Communication II,AFT,,,
AFT 36200,Air Force ROTC Leadership Laboratory VI,AFT,,,
AFT 40220,Air Force ROTC Leadership Laboratory,AFT,,,
AFT 47100,National Security/Commissioning Preparation I,AFT,,,
AFT 47200,Air Force ROTC Leadership Laboratory VII,AFT,,,
AFT 48100,National Security/Commissioning Preparation II,AFT,,,
AFT 48200,Air Force ROTC Leadership Laboratory VIII,AFT,,,
AAS 27100,Introduction To African American Studies,AAS,,,
AAS 27700,African American Popular Culture,AAS,,,
AAS 35900,Black Women Writers,AAS,,,
AAS 37000,Black Women Rising,AAS,,,
AAS 37100,The African American Experience,AAS,,,
AAS 37300,Issues In African American Studies,AAS,,,
AAS 37500,The Black Family,AAS,,,
AAS 37600,The Black Male,AAS,,,
AAS 39200,Caribbean History And Culture,AAS,,,
AAS 47300,Blacks In Hollywood Film,AAS,,,
AAS 47400,Research Methods In African American Studies,AAS,,,
AAS 49000,Directed Readings In African American Studies,AAS,,,
AAS 49100,Special Topics In African American Studies,AAS,,,
AAS 57400,Research Methods In African American Studies,AAS,,,
AAS 57500,Theories Of African American Studies,AAS,,,
AAS 59000,Directed Readings In African American Studies,AAS,,,
ABE 20100,Thermodynamics In Biological Systems I,ABE,,,
ABE 20200,Thermodynamics In Biological Systems II,ABE,,,
ABE 20500,Computations For Engineering Systems,ABE,,,
ABE 21000,Thermodynamics Principles Of Engineering And Biological Systems,ABE,,,
ABE 22600,Biotechnology Laboratory I,ABE,,,
ABE 22700,Biotechnology Laboratory II,ABE,,,
ABE 28100,Professional Internship,ABE,,,
ABE 29000,Sophomore Seminar,ABE,,,
ABE 29199,Cooperative Experience I,ABE,,,
ABE 29299,Cooperative Experience II,ABE,,,
ABE 30100,Numerical And Computational Modeling In Biological Engineering,ABE,,,
ABE 30300,Applications Of Physical Chemistry To Biological Processes,ABE,,,
ABE 30400,Bioprocess Engineering Laboratory,ABE,,,
ABE 30500,Physical Properties Of Biological Materials,ABE,,,
ABE 30700,Momentum Transfer In Food And Biological Systems,ABE,,,
ABE 30800,Heat And Mass Transfer In Food And Biological Systems,ABE,,,
ABE 31400,Design Of Electronic Systems,ABE,,,
ABE 32000,"Solid Modeling, Simulation, And Analysis",ABE,,,
ABE 32500,Soil And Water Resource Engineering,ABE,,,
ABE 33000,Design Of Machine Components,ABE,,,
ABE 33600,All Terrain Vehicle Design,ABE,,,
ABE 37000,Biological/Microbial Kinetics And Reaction Engineering,ABE,,,
ABE 38199,Professional Practice Coop I,ABE,,,
ABE 38299,Professional Practice Co-Op II,ABE,,,
ABE 38399,Professional Practice Co-Op III,ABE,,,
ABE 39399,Cooperative Experience III,ABE,,,
ABE 39499,Extensive Cooperative Experience IV,ABE,,,
ABE 39599,Extensive Cooperative Experience V,ABE,,,
ABE 39699,Professional Practice Internship,ABE,,,
ABE 40600,Ag/Biol Engineering Ambassador Leadership Seminar,ABE,,,
ABE 42500,Water Quality Engineering,ABE,,,
ABE 42600,Ecological Restoration Engineering,ABE,,,
ABE 43500,Hydraulic Control Systems For Mobile Equipment,ABE,,,
ABE 44000,Cell And Molecular Design Principles,ABE,,,
ABE 44400,Design And Advanced Manufacturing Processes For Internal Combustion Engines,ABE,,,
ABE 45000,Finite Element Method In Design And Optimization,ABE,,,
ABE 45300,Leadership In Biotechnology,ABE,,,
ABE 45700,Transport Operations In Food And Biological Engineering I,ABE,,,
ABE 46000,Sensors And Process Control,ABE,,,
ABE 48400,Project Planning And Management,ABE,,,
ABE 48500,Agricultural Engineering Project Management And Design,ABE,,,
ABE 48600,Agricultural Engineering Design,ABE,,,
ABE 49000,Professional Practice In Agricultural And Biological Engineering,ABE,,,
ABE 49500,Select Topics In Agricultural And Biological Engineering,ABE,,,
ABE 49800,Undergraduate Research In Agricultural And Biological Engineering,ABE,,,
ABE 49900,Thesis Research,ABE,,,
ABE 50100,Welding Engineering,ABE,,,
ABE 50501,"Particle, Powder, and Compact Characterization",ABE,,,
ABE 50502,"Particles, Powders, And Compact Characterization Laboratory",ABE,,,
ABE 51100,Drug Development,ABE,,,
ABE 51200,Good Regulatory Practices,ABE,,,
ABE 51300,"Quality Management, Audits, Inspections",ABE,,,
ABE 51400,Documents And Dialogues Of Drug Development And Registration,ABE,,,
ABE 51500,Molecular Basis Of Manufacturing,ABE,,,
ABE 52200,Ecohydrology,ABE,,,
ABE 52700,Computer Models In Environmental And Natural Resources Engineering,ABE,,,
ABE 52900,Nonpoint Source Pollution Engineering,ABE,,,
ABE 53000,Plant Phenotyping Technologies,ABE,,,
ABE 53100,Instrumentation And Data Acquisition,ABE,,,
ABE 53500,Design And Modeling Of Fluid Power Systems,ABE,,,
ABE 54000,Principles Of Systems &amp; Synthetic Biology,ABE,,,
ABE 54500,Design Of Off-Highway Vehicles,ABE,,,
ABE 54700,Models And Microbiomes,ABE,,,
ABE 55700,Transport Operations In Food And Biological Systems II,ABE,,,
ABE 55800,Process Design For Food And Biological Systems,ABE,,,
ABE 56000,Biosensors: Fundamentals And Applications,ABE,,,
ABE 58000,Process Engineering Of Renewable Resources,ABE,,,
ABE 58500,Soil Microbiology,ABE,,,
ABE 59000,Special Problems,ABE,,,
ABE 59100,Special Topics,ABE,,,
ABE 62600,"Life Of A Faculty Entrepreneur: Discovery, Delivery, Translation",ABE,,,
ABE 62700,Colloidal Phenomena In Bioprocessing,ABE,,,
ABE 65100,Environmental Informatics,ABE,,,
ABE 68000,"Bioseparations And Bioprocess Engineering: Principles, Practice And Economics",ABE,,,
ABE 69100,Special Topics,ABE,,,
ABE 69400,Graduate Research Training,ABE,,,
ABE 69600,Graduate Seminar,ABE,,,
ABE 69700,Doctoral Professional Development,ABE,,,
ABE 69800,Research MS Thesis,ABE,,,
ABE 69900,Research PhD Thesis,ABE,,,
AGEC 20201,Introduction To Data Analytics For Agricultural Business,AGEC,,,
AGEC 20300,Introductory Microeconomics For Food And Agribusiness,AGEC,,,
AGEC 20400,Introduction To Resource Economics And Environmental Policy,AGEC,,,
AGEC 21700,Economics,AGEC,,,
AGEC 22000,Economics Of Agricultural Markets,AGEC,,,
AGEC 25000,Economic Geography Of World Food And Resources,AGEC,,,
AGEC 26000,Mentoring Leadership,AGEC,,,
AGEC 27500,Honors Course - Lower Division,AGEC,,,
AGEC 28900,Foundational Internship,AGEC,,,
AGEC 29199,Cooperative Experience I,AGEC,,,
AGEC 29299,Cooperative Experience II,AGEC,,,
AGEC 29600,Selected Topics In Agricultural Economics,AGEC,,,
AGEC 29800,Sophomore Seminar,AGEC,,,
AGEC 30500,Agricultural Prices,AGEC,,,
AGEC 31000,Farm Organization,AGEC,,,
AGEC 32100,Principles Of Commodity Marketing,AGEC,,,
AGEC 32700,Principles Of Food And Agribusiness Marketing,AGEC,,,
AGEC 33000,Management Methods For Agricultural Business,AGEC,,,
AGEC 33100,Principles Of Industrial Selling,AGEC,,,
AGEC 33300,Food Distribution - A Retailing Perspective,AGEC,,,
AGEC 34000,International Economic Development,AGEC,,,
AGEC 35200,Quantitative Techniques For Firm Decision Making,AGEC,,,
AGEC 37500,The Process Of Economic Research,AGEC,,,
AGEC 39001,Professional Internship Programs In Agricultural Economics,AGEC,,,
AGEC 39399,Cooperative Experience III,AGEC,,,
AGEC 39499,Extensive Cooperative Experience IV,AGEC,,,
AGEC 39599,Extensive Cooperative Experience V,AGEC,,,
AGEC 40000,Agricultural Economics Study Abroad,AGEC,,,
AGEC 40600,Natural Resource And Environmental Economics,AGEC,,,
AGEC 41000,Agricultural Policy,AGEC,,,
AGEC 41100,Farm Management,AGEC,,,
AGEC 41200,Farm Business Management Workshop,AGEC,,,
AGEC 42100,Advanced Commodity Marketing,AGEC,,,
AGEC 42400,Financial Management Of Agricultural Business,AGEC,,,
AGEC 42500,Estate Planning And Property Transfer,AGEC,,,
AGEC 42700,Advanced Agribusiness Marketing,AGEC,,,
AGEC 42900,Agri-Marketing Analytics,AGEC,,,
AGEC 43000,Agricultural And Food Business Strategy,AGEC,,,
AGEC 43100,Advanced Industrial Sales And Marketing,AGEC,,,
AGEC 45000,International Agricultural Trade,AGEC,,,
AGEC 45100,Applied Econometrics,AGEC,,,
AGEC 45500,Agricultural Law,AGEC,,,
AGEC 45600,Federal Income Tax Law,AGEC,,,
AGEC 47500,Honors Course - Upper Division,AGEC,,,
AGEC 48900,Professional Internship,AGEC,,,
AGEC 49600,Selected Topics In Agribusiness Management,AGEC,,,
AGEC 49800,Special Problems,AGEC,,,
AGEC 49900,Thesis,AGEC,,,
AGEC 50600,Agricultural Marketing And Price Analysis,AGEC,,,
AGEC 51600,Mathematical Tools For Agricultural And Applied Economics,AGEC,,,
AGEC 52400,Agricultural Finance,AGEC,,,
AGEC 52500,Environmental Policy Analysis,AGEC,,,
AGEC 52600,International Food And Agribusiness Marketing Strategy,AGEC,,,
AGEC 52800,Global Change And The Challenge Of Sustainably Feeding A Growing Planet,AGEC,,,
AGEC 53000,Strategic Agribusiness Management,AGEC,,,
AGEC 53200,World Food Problems,AGEC,,,
AGEC 55200,Introduction To Mathematical Programming,AGEC,,,
AGEC 57100,Global Issues In International Agribusiness,AGEC,,,
AGEC 57200,International Agribusiness Market Opportunities,AGEC,,,
AGEC 57300,International Business Analysis,AGEC,,,
AGEC 59500,Internship,AGEC,,,
AGEC 59600,Seminars In Current Issues In Agricultural Economics,AGEC,,,
AGEC 60000,Agricultural Finance,AGEC,,,
AGEC 60200,Preparation And Procedures For Policy Analysis,AGEC,,,
AGEC 60400,Fundamentals Of Applied Welfare Economics,AGEC,,,
AGEC 60500,Agricultural Markets And Price Analysis,AGEC,,,
AGEC 60800,Benefit-Cost Analysis,AGEC,,,
AGEC 60900,Applied Welfare Analysis,AGEC,,,
AGEC 61200,Agricultural Production Economics I,AGEC,,,
AGEC 61300,Introduction To Economics Of Risk,AGEC,,,
AGEC 61400,Advanced Agricultural Production Economics,AGEC,,,
AGEC 61600,Resource Economics And Policy,AGEC,,,
AGEC 61700,Applied Welfare And Environmental Economics,AGEC,,,
AGEC 61800,Applied General Equilibrium Analysis,AGEC,,,
AGEC 61900,Applied Microeconomic Theory,AGEC,,,
AGEC 62000,Computational Analysis Of Markets And Policy,AGEC,,,
AGEC 62200,Food System Organization And Policy,AGEC,,,
AGEC 62500,Macroeconomic Issues In Agriculture,AGEC,,,
AGEC 63000,Urban And Regional Economics,AGEC,,,
AGEC 63100,The Theory And Practice Of Spatial Econometrics,AGEC,,,
AGEC 63300,"Advanced Topics In Space, Health, And Population Economics",AGEC,,,
AGEC 64000,Agricultural Policy,AGEC,,,
AGEC 64300,Theory Of Economic Development,AGEC,,,
AGEC 64400,International Agricultural Trade,AGEC,,,
AGEC 65000,Application Of Quantitative Analysis: Econometrics I,AGEC,,,
AGEC 65100,Application Of Quantitative Analysis: Econometrics II,AGEC,,,
AGEC 65200,Application Of Quantitative Analysis: Mathematical Programming,AGEC,,,
AGEC 65400,Economic Dynamics,AGEC,,,
AGEC 65500,Applied Economic Time Series Analysis,AGEC,,,
AGEC 68100,Economics For Food And Agribusiness Managers,AGEC,,,
AGEC 68200,The Macroeconomics And Trade Environment Of The Food System,AGEC,,,
AGEC 68400,Applied Quantitative Methods For Decision Making,AGEC,,,
AGEC 68500,Advanced Quantitative Methods For Decision Making Under Uncertainty,AGEC,,,
AGEC 68600,Strategic Food And Agribusiness Management,AGEC,,,
AGEC 68700,Problem Solving And Project Management For Decision Makers,AGEC,,,
AGEC 68800,Business Analysis Capstone Course,AGEC,,,
AGEC 69000,Seminars In Agricultural Economics,AGEC,,,
AGEC 69100,Topical Research In Agricultural Economics,AGEC,,,
AGEC 69200,Workshop In Applied Economics,AGEC,,,
AGEC 69800,Research MS Thesis,AGEC,,,
AGEC 69900,Research PhD Thesis,AGEC,,,
ASEC 10100,"Agriculture, Science And Social Issues",ASEC,,,
ASEC 15200,Agricultural Communication Seminar,ASEC,,,
ASEC 21200,Greenhouse And Landscape Fundamentals For Educators,ASEC,,,
ASEC 24000,Seminar In Agricultural Education,ASEC,,,
ASEC 28000,Digital Storytelling,ASEC,,,
ASEC 28500,Introduction To Publication Design,ASEC,,,
ASEC 29000,Special Problems In Agricultural Science And Education Communication,ASEC,,,
ASEC 30100,Building Intercultural Partnerships,ASEC,,,
ASEC 31800,Coordination Of Supervised Agricultural Experience Programs,ASEC,,,
ASEC 31900,Planning Agricultural Science And Business Programs,ASEC,,,
ASEC 33100,"The Role Of Horses In Human History, Culture And Society",ASEC,,,
ASEC 34000,Laboratory Practices In Agricultural Education,ASEC,,,
ASEC 34100,Curriculum Development In Agricultural Education,ASEC,,,
ASEC 35500,Controversial Science And Media In The Public Sphere,ASEC,,,
ASEC 38000,Feature Writing And Production,ASEC,,,
ASEC 40000,Agricultural Education Study Abroad,ASEC,,,
ASEC 43100,Planning For International Engagement Methods,ASEC,,,
ASEC 43110,International Engagement Methods,ASEC,,,
ASEC 43120,Evaluating International Engagement Methods,ASEC,,,
ASEC 44000,Methods Of Teaching Agricultural Education,ASEC,,,
ASEC 44100,Field Experience In Agricultural Education Programs,ASEC,,,
ASEC 44200,Curriculum Implementation In Agricultural Education,ASEC,,,
ASEC 48000,Agricultural Communication Capstone Seminar,ASEC,,,
ASEC 48500,Environmental Communication,ASEC,,,
ASEC 49000,Special Problems,ASEC,,,
ASEC 49100,Special Topics In Agricultural Science And Education Communication,ASEC,,,
ASEC 49700,Thesis Research,ASEC,,,
ASEC 49900,Special Problems In Agricultural Communication,ASEC,,,
ASEC 52000,"Foundations Of Agricultural Education, Extension, And Communication",ASEC,,,
ASEC 53100,"Global Learning For Agriculture, Food And Natural Resources",ASEC,,,
ASEC 54000,Program Development In Agricultural And Extension Education,ASEC,,,
ASEC 54100,Program Development In School-Based Agricultural Education,ASEC,,,
ASEC 54500,"Teaching STEM Through Agriculture, Food And Natural Resources",ASEC,,,
ASEC 54600,Communication And Issues Engagement For Agricultural Professionals,ASEC,,,
ASEC 54800,Communicating Science To The Public,ASEC,,,
ASEC 55100,International Engagement And Development Strategies,ASEC,,,
ASEC 56500,Principles Of Adult Education,ASEC,,,
ASEC 58200,Introduction To The Application Of Inferential Statistics,ASEC,,,
ASEC 58500,Science Communication,ASEC,,,
ASEC 59000,Special Problems,ASEC,,,
ASEC 59100,Special Topics,ASEC,,,
ASEC 59500,Internship In Agricultural Sciences Education And Communication,ASEC,,,
ASEC 62000,Adolescent Development In Context,ASEC,,,
ASEC 63000,Theories Of Learning And Development,ASEC,,,
ASEC 64000,Courses Of Study In Agricultural Education Programs,ASEC,,,
ASEC 64200,Seminar In Agricultural And Extension Education,ASEC,,,
ASEC 64400,ASEC Graduate Seminar,ASEC,,,
ASEC 68100,Research Design For Social Scientists,ASEC,,,
ASEC 69800,Research MS Thesis,ASEC,,,
ASEC 69900,Research PhD Thesis,ASEC,,,
ASM 10400,Introduction To Agricultural Systems,ASM,,,
ASM 10500,Computing Technology With Applications,ASM,,,
ASM 20100,Construction And Maintenance,ASM,,,
ASM 21100,Technical Graphic Communications,ASM,,,
ASM 21600,Introduction To Surveying,ASM,,,
ASM 22100,Career Opportunities Seminar,ASM,,,
ASM 22200,Crop Production Equipment,ASM,,,
ASM 23600,Environmental Systems Management,ASM,,,
ASM 24500,Materials Handling And Processing,ASM,,,
ASM 29100,Special Topics,ASM,,,
ASM 29199,Cooperative Experience I,ASM,,,
ASM 29299,Cooperative Experience II,ASM,,,
ASM 33300,Facilities Planning And Management,ASM,,,
ASM 34500,Power Units And Power Trains,ASM,,,
ASM 35000,Safety In Agriculture,ASM,,,
ASM 39399,Cooperative Experience III,ASM,,,
ASM 39499,Extensive Cooperative Experience IV,ASM,,,
ASM 39599,Extensive Cooperative Experience V,ASM,,,
ASM 40000,Agricultural Systems Management Study Abroad,ASM,,,
ASM 42000,Electric Power And Controls,ASM,,,
ASM 42100,Senior Seminar,ASM,,,
ASM 42200,Advanced Machine Technology For Agricultural Crop Production,ASM,,,
ASM 44100,Methods Of Teaching Agricultural Mechanics,ASM,,,
ASM 44400,Design And Advanced Manufacturing Processes For Internal Combustion Engines,ASM,,,
ASM 49000,Special Problems,ASM,,,
ASM 49100,Special Topics,ASM,,,
ASM 49400,Project Planning And Management,ASM,,,
ASM 49500,Agricultural Systems Management Capstone Project,ASM,,,
ASM 49600,Project Planning And Capstone Project,ASM,,,
ASM 49800,Directed Experience In Teaching Mechanized Agriculture,ASM,,,
ASM 49900,Thesis Research,ASM,,,
ASM 51000,Agrosecurity-Emergency Management For Agricultural Production Operations,ASM,,,
ASM 51100,Foundations In Homeland Security Studies,ASM,,,
ASM 51200,Managing Resources and Applications for Homeland Security,ASM,,,
ASM 53000,Power And Machinery Management,ASM,,,
ASM 54000,Geographic Information System Application,ASM,,,
ASM 55000,Grain Drying And Storage,ASM,,,
ASM 59000,Special Problems,ASM,,,
ASM 59100,Special Topics,ASM,,,
ASM 69800,Research MS Thesis,ASM,,,
ASM 69900,ASM Research PhD Thesis,ASM,,,
AGR 10100,Introduction To The College Of Agriculture And Purdue University,AGR,,,
AGR 10700,Pathway To Purdue,AGR,,,
AGR 10800,Agriculture Technology And Innovation,AGR,,,
AGR 11100,Introduction To Agricultural And Biological Engineering Academic Programs,AGR,,,
AGR 11200,Introduction To Agricultural Economics Academic Programs,AGR,,,
AGR 11300,Introduction To Agronomy Academic Programs,AGR,,,
AGR 11400,Introduction To Animal Sciences Academic Programs,AGR,,,
AGR 11500,Introduction To Biochemistry Academic Programs,AGR,,,
AGR 11700,Introduction To Entomology Academic Programs,AGR,,,
AGR 11800,Introduction To Food Science Academic Programs,AGR,,,
AGR 11900,Introduction To Forestry And Natural Resources Academic Programs,AGR,,,
AGR 12000,Introduction To Horticulture And Landscape Architecture Academic Programs,AGR,,,
AGR 12100,Introduction To Agricultural Sciences Education And Communication Academic Programs,AGR,,,
AGR 12200,Introduction To Natural Resources And Environmental Science Academic Programs,AGR,,,
AGR 12400,Introduction To College Of Agriculture Pre-Veterinary Medicine Academic Programs,AGR,,,
AGR 12500,Introduction To Plant Science,AGR,,,
AGR 15000,Woman In Agriculture I,AGR,,,
AGR 15100,Women In Agriculture II,AGR,,,
AGR 20100,Communicating Across Culture,AGR,,,
AGR 20500,Dean&#8217;s Scholars Seminar,AGR,,,
AGR 29000,Special Topics In Agriculture,AGR,,,
AGR 29199,Cooperative Experience I,AGR,,,
AGR 29299,Cooperative Experience II,AGR,,,
AGR 29400,"Directed Readings In Agriculture, Environment, And Society",AGR,,,
AGR 33300,Data Science For Agriculture,AGR,,,
AGR 39399,Cooperative Experience III,AGR,,,
AGR 39499,Extensive Cooperative Experience IV,AGR,,,
AGR 39500,International Internship,AGR,,,
AGR 39599,Extensive Cooperative Experience V,AGR,,,
AGR 40000,Agriculture Study Abroad,AGR,,,
AGR 49000,Special Problems,AGR,,,
AGR 49300,Special Topics In International Agriculture,AGR,,,
AGR 49400,"Advanced Readings In Agriculture, Environment, And Society",AGR,,,
AGR 49500,"International Professional Experience In Agriculture, Food, Or Natural Resources",AGR,,,
AGR 49600,Multicultural Professional Experience,AGR,,,
AGR 59500,"Current Topics In Agriculture, Natural Resources, And Related Sciences",AGR,,,
AGRY 10500,Crop Production,AGRY,,,
AGRY 12000,Water And Food Security,AGRY,,,
AGRY 12300,Genetics And Society,AGRY,,,
AGRY 12500,Environmental Science And Conservation,AGRY,,,
AGRY 15500,Introduction To Soil Morphology,AGRY,,,
AGRY 21000,Fundamentals Of Turfgrass Culture,AGRY,,,
AGRY 21100,Fundamentals Of Turfgrass Culture Laboratory,AGRY,,,
AGRY 25100,Introduction To Soils,AGRY,,,
AGRY 25500,Soil Science,AGRY,,,
AGRY 27000,Forest Soils,AGRY,,,
AGRY 27500,Honors Course - Lower Division,AGRY,,,
AGRY 28500,World Crop Adaptation And Distribution,AGRY,,,
AGRY 29199,Cooperative Experience I,AGRY,,,
AGRY 29299,Cooperative Experience II,AGRY,,,
AGRY 32000,Genetics,AGRY,,,
AGRY 32100,Genetics Laboratory,AGRY,,,
AGRY 33500,Weather And Climate,AGRY,,,
AGRY 33700,Environmental Hydrology,AGRY,,,
AGRY 33800,Environmental Field Skills,AGRY,,,
AGRY 34900,Soil Ecology,AGRY,,,
AGRY 35000,Global Awareness,AGRY,,,
AGRY 35500,Soil Morphology And Geography,AGRY,,,
AGRY 36500,Soil Fertility,AGRY,,,
AGRY 37500,Crop Production Systems,AGRY,,,
AGRY 38500,Environmental Soil Chemistry,AGRY,,,
AGRY 39399,Cooperative Experience III,AGRY,,,
AGRY 39499,Extensive Cooperative Experience IV,AGRY,,,
AGRY 39599,Extensive Cooperative Experience V,AGRY,,,
AGRY 39800,Agronomy Seminar,AGRY,,,
AGRY 39900,Individual Study,AGRY,,,
AGRY 40000,Agronomy Study Abroad,AGRY,,,
AGRY 42000,Computing For The Natural Sciences,AGRY,,,
AGRY 43100,Atmospheric Thermodynamics,AGRY,,,
AGRY 43200,Atmospheric Dynamics I,AGRY,,,
AGRY 43300,Atmospheric Dynamics II,AGRY,,,
AGRY 44100,Synoptic Laboratory I,AGRY,,,
AGRY 44200,Synoptic Laboratory II,AGRY,,,
AGRY 44300,Synoptic Laboratory III,AGRY,,,
AGRY 44400,Weather Analysis And Forecasting,AGRY,,,
AGRY 45000,Soil Conservation and Water Management,AGRY,,,
AGRY 46500,Soil Physical Properties,AGRY,,,
AGRY 47500,Honors Course - Upper Division,AGRY,,,
AGRY 48000,Plant Genetics,AGRY,,,
AGRY 48500,Precision Crop Management,AGRY,,,
AGRY 49800,Agronomy Senior Seminar,AGRY,,,
AGRY 49900,Thesis Research,AGRY,,,
AGRY 50500,Forage Management,AGRY,,,
AGRY 51000,Turfgrass Science,AGRY,,,
AGRY 51100,Population Genetics,AGRY,,,
AGRY 51200,Integrated Turfgrass Systems,AGRY,,,
AGRY 51400,Environmental Stress Management For Turfgrass,AGRY,,,
AGRY 51500,Plant Mineral Nutrition,AGRY,,,
AGRY 51800,Plant Physiology And Biotechnology Research Techniques,AGRY,,,
AGRY 52000,Principles And Methods Of Plant Breeding,AGRY,,,
AGRY 52500,Crop Physiology And Ecology,AGRY,,,
AGRY 53000,Advanced Plant Genetics,AGRY,,,
AGRY 53500,Boundary Layer Meteorology,AGRY,,,
AGRY 53600,Environmental Biophysics,AGRY,,,
AGRY 54000,Soil Chemistry,AGRY,,,
AGRY 54400,Environmental Organic Chemistry,AGRY,,,
AGRY 54500,Remote Sensing Of Land Resources,AGRY,,,
AGRY 55000,Field Crops Breeding Techniques,AGRY,,,
AGRY 55500,Soil And Plant Analysis,AGRY,,,
AGRY 56000,Soil Physics,AGRY,,,
AGRY 56500,Soils And Landscapes,AGRY,,,
AGRY 58000,Soil Microbiology,AGRY,,,
AGRY 58200,Environmental Fate Of Pesticides,AGRY,,,
AGRY 58500,Soils And Land Use,AGRY,,,
AGRY 59600,Professional Presentations,AGRY,,,
AGRY 59700,Communicating With The Public,AGRY,,,
AGRY 59800,Special Problems,AGRY,,,
AGRY 60000,Genomics,AGRY,,,
AGRY 60100,Introduction To Graduate Research,AGRY,,,
AGRY 60500,Advanced Plant Breeding,AGRY,,,
AGRY 61100,Quantitative Genetics,AGRY,,,
AGRY 62400,Plant Ecophysiology,AGRY,,,
AGRY 63500,Micrometeorology,AGRY,,,
AGRY 64100,Statistical Hydrology,AGRY,,,
AGRY 64900,Molecular Microbial Ecology,AGRY,,,
AGRY 65000,Clay Mineralogy,AGRY,,,
AGRY 69600,Agronomy Graduate Seminar,AGRY,,,
AGRY 69800,Research MS Thesis,AGRY,,,
AGRY 69900,Research PhD Thesis,AGRY,,,
ASL 10100,American Sign Language I,ASL,,,
ASL 10200,American Sign Language II,ASL,,,
ASL 20100,American Sign Language III,ASL,,,
ASL 20200,American Sign Language IV,ASL,,,
ASL 28000,"American Deaf Community: Language, Culture, And Society",ASL,,,
ASL 30100,American Sign Language V,ASL,,,
ASL 30200,American Sign Language Advanced-Level VI,ASL,,,
ASL 36100,The Structure Of American Sign Language I: Phonology And Morphology,ASL,,,
ASL 36200,"The Structure Of American Sign Language II: Syntax, Semantics And Language Use",ASL,,,
ASL 36400,Introduction To Structure Of American Sign Language,ASL,,,
ASL 39000,Undergraduate Research In American Sign Language,ASL,,,
AMST 10100,America And The World,AMST,,,
AMST 20100,Interpreting America,AMST,,,
AMST 21000,Sport In American Culture,AMST,,,
AMST 22000,Technology And Play,AMST,,,
AMST 25000,An Introduction To American Protest Movements: What Are They? What Can They Do? How Can We Make One?,AMST,,,
AMST 30100,Perspectives On America,AMST,,,
AMST 31000,"Invention, Innovation, And Design",AMST,,,
AMST 32000,Understanding The National Football League,AMST,,,
AMST 32500,"Sports, Technology, And Innovation",AMST,,,
AMST 33000,American Car Culture,AMST,,,
AMST 49000,Senior Capstone In American Studies,AMST,,,
AMST 59000,Directed Readings In American Studies,AMST,,,
AMST 60100,Introduction To American Studies,AMST,,,
AMST 60200,Contemporary Issues In American Studies,AMST,,,
AMST 60300,American Studies Interdisciplinary Project,AMST,,,
AMST 60400,Transnational American Studies,AMST,,,
AMST 60500,Theory And American Culture,AMST,,,
AMST 60600,American Studies Methods,AMST,,,
AMST 62000,EPXIRED - Archival Theory And Practice,AMST,,,
AMST 63000,M A Research Seminar,AMST,,,
AMST 65000,Reading Seminar In American Studies,AMST,,,
AMST 69500,American Studies Service Learning/Internship,AMST,,,
AMST 69900,Research PhD Thesis,AMST,,,
ANSC 10200,Introduction To Animal Agriculture,ANSC,,,
ANSC 10600,Biology Companion Animal,ANSC,,,
ANSC 12100,Ethics Of Animal Use,ANSC,,,
ANSC 18100,Orientation To Animal Sciences,ANSC,,,
ANSC 22100,Principles Of Animal Nutrition,ANSC,,,
ANSC 23000,Physiology Of Domestic Animals,ANSC,,,
ANSC 24000,Principles Of Animal Production,ANSC,,,
ANSC 24500,Applied Animal Management,ANSC,,,
ANSC 25500,Principles Of Animal Products,ANSC,,,
ANSC 28100,Career Planning In Animal Sciences,ANSC,,,
ANSC 29200,Special Assignments,ANSC,,,
ANSC 29300,Special Assignments,ANSC,,,
ANSC 29400,Exploring International Animal Agriculture,ANSC,,,
ANSC 29500,Special Topics In Animal Sciences,ANSC,,,
ANSC 30100,"Animal Growth, Development, And Evaluation",ANSC,,,
ANSC 30300,Animal Behavior,ANSC,,,
ANSC 31100,Animal Breeding And Genetics,ANSC,,,
ANSC 32400,Applied Animal Nutrition,ANSC,,,
ANSC 32500,Applied Ruminant Nutrition,ANSC,,,
ANSC 32600,Applied Non-ruminant Nutrition,ANSC,,,
ANSC 33100,"The Role Of Horses In Human History, Culture, And Society",ANSC,,,
ANSC 33200,Environmental Physiology Of Domestic Animals,ANSC,,,
ANSC 33300,Physiology Of Reproduction,ANSC,,,
ANSC 34500,Animal Health Management,ANSC,,,
ANSC 35100,Meat Science,ANSC,,,
ANSC 35101,Meat Science Laboratory,ANSC,,,
ANSC 36000,Muscle Food Production And Safety,ANSC,,,
ANSC 37000,Livestock Evaluation,ANSC,,,
ANSC 37100,Dairy Evaluation,ANSC,,,
ANSC 38100,Leadership For A Diverse Workplace,ANSC,,,
ANSC 39000,Animal Sciences Internship,ANSC,,,
ANSC 39300,Animal Industry Travel Course,ANSC,,,
ANSC 40000,Animal Sciences Study Abroad,ANSC,,,
ANSC 40400,Animal Welfare,ANSC,,,
ANSC 41500,Advanced Animal Physiology,ANSC,,,
ANSC 42500,Ruminant Reproductive Farm Management,ANSC,,,
ANSC 42600,Non-ruminant Reproductive Farm Management,ANSC,,,
ANSC 43500,Reproductive Management Of Farm Animals,ANSC,,,
ANSC 44000,Horse Management,ANSC,,,
ANSC 44100,Beef Management,ANSC,,,
ANSC 44200,Sheep Management,ANSC,,,
ANSC 44300,Swine Management,ANSC,,,
ANSC 44400,Dairy Management,ANSC,,,
ANSC 44500,Commercial Poultry Management,ANSC,,,
ANSC 44600,Companion Animal Management,ANSC,,,
ANSC 47000,Livestock Judging,ANSC,,,
ANSC 47100,Dairy Judging,ANSC,,,
ANSC 48100,Contemporary Issues In Animal Sciences,ANSC,,,
ANSC 48500,Dairy Farm Evaluation,ANSC,,,
ANSC 49100,Special Problems,ANSC,,,
ANSC 49200,Special Assignments,ANSC,,,
ANSC 49300,Special Assignments,ANSC,,,
ANSC 49400,Animals And Food Security: International Services Learning,ANSC,,,
ANSC 49500,Special Topics In Animal Sciences,ANSC,,,
ANSC 49900,Thesis Research,ANSC,,,
ANSC 51100,Population Genetics,ANSC,,,
ANSC 51300,Design Of Animal Breeding Programs,ANSC,,,
ANSC 51400,Animal Biotechnology,ANSC,,,
ANSC 51600,Molecular Microbiome Analysis,ANSC,,,
ANSC 52200,Monogastric Nutrition,ANSC,,,
ANSC 52400,Ruminant Nutrition And Physiology,ANSC,,,
ANSC 53400,Advanced Reproductive Physiology,ANSC,,,
ANSC 53500,Avian Physiology,ANSC,,,
ANSC 53700,Adipocyte Biology,ANSC,,,
ANSC 55200,Advanced Meat Science,ANSC,,,
ANSC 55500,Animal Growth And Development,ANSC,,,
ANSC 59500,Special Topics In Animal Sciences,ANSC,,,
ANSC 62000,Proteins And Amino Acids In Nutrition,ANSC,,,
ANSC 62500,Nutritional Biochemistry And Physiology I,ANSC,,,
ANSC 62600,Nutritional Biochemistry And Physiology II,ANSC,,,
ANSC 62700,Nutritional Biochemistry And Physiology III,ANSC,,,
ANSC 66000,Intestinal Microbiology And Immunology,ANSC,,,
ANSC 68100,Animal Sciences Graduate Seminar,ANSC,,,
ANSC 69100,Topical Research Problems,ANSC,,,
ANSC 69800,Research MS Thesis,ANSC,,,
ANSC 69900,Research PhD Thesis,ANSC,,,
ANTH 10000,Being Human: Introduction To Anthropology,ANTH,,,
ANTH 20100,Introduction To Archaeology And World Prehistory,ANTH,,,
ANTH 20300,Biological Bases Of Human Social Behavior,ANTH,,,
ANTH 20400,Human Origins,ANTH,,,
ANTH 20500,Human Cultural Diversity,ANTH,,,
ANTH 21000,Technology And Culture,ANTH,,,
ANTH 21200,"Culture, Food And Health",ANTH,,,
ANTH 21500,Introduction To Forensic Anthropology,ANTH,,,
ANTH 23000,Gender Across Cultures,ANTH,,,
ANTH 23500,The Great Apes,ANTH,,,
ANTH 25400,"Archaeological Hoaxes, Myths And Frauds",ANTH,,,
ANTH 25600,Archaeology Of Beer,ANTH,,,
ANTH 28200,Introduction To LGBTQ Studies,ANTH,,,
ANTH 30600,Quantitative Methods For Anthropological Research,ANTH,,,
ANTH 30700,The Development Of Contemporary Anthropological Theory,ANTH,,,
ANTH 30800,Critical Data Studies,ANTH,,,
ANTH 31000,Mortuary Practices Across Cultures,ANTH,,,
ANTH 31100,The Archaeology Of The Ancient Andes,ANTH,,,
ANTH 31200,The Archaeology Of Ancient Egypt And The Near East,ANTH,,,
ANTH 31300,Archaeology Of North America,ANTH,,,
ANTH 32000,Ancient States And Empires,ANTH,,,
ANTH 32700,Environment And Culture,ANTH,,,
ANTH 33500,Primate Behavior,ANTH,,,
ANTH 33600,Human Variation,ANTH,,,
ANTH 33700,Human Diet: Origins And Evolution,ANTH,,,
ANTH 34000,Global Perspectives On Health,ANTH,,,
ANTH 34100,Culture And Personality,ANTH,,,
ANTH 35800,African Cultures,ANTH,,,
ANTH 36800,Sociolinguistic Study Of African American English,ANTH,,,
ANTH 37000,Ethnicity And Culture,ANTH,,,
ANTH 37300,Anthropology Of Religion,ANTH,,,
ANTH 37700,Anthropology Of Hunter-Gatherer Societies,ANTH,,,
ANTH 37800,Archaeology And Cultural Anthropology Of Mesoamerica,ANTH,,,
ANTH 37900,Native American Cultures,ANTH,,,
ANTH 38000,Using Anthropology In The World,ANTH,,,
ANTH 38400,Designing For People: Anthropological Approaches,ANTH,,,
ANTH 38500,Community Engagement In Anthropology,ANTH,,,
ANTH 39000,Individual Research In Anthropology,ANTH,,,
ANTH 39200,Selected Topics In Anthropology,ANTH,,,
ANTH 39300,Interdisciplinary Approaches To Environmental And Sustainability Studies,ANTH,,,
ANTH 40400,Comparative Social Organization,ANTH,,,
ANTH 40500,Ethnographic Methods,ANTH,,,
ANTH 41001,Senior Capstone In Anthropology,ANTH,,,
ANTH 41400,Introduction To Language And Culture,ANTH,,,
ANTH 41800,Field Methods In Cultural Anthropology,ANTH,,,
ANTH 42500,Archaeological Method And Theory,ANTH,,,
ANTH 42800,Field Methods In Archaeology,ANTH,,,
ANTH 43600,Human Evolution,ANTH,,,
ANTH 43800,Field Methods In Biological Anthropology,ANTH,,,
ANTH 46000,Contemporary Issues In Agriculture,ANTH,,,
ANTH 48200,Sexual Diversity In Global Perspectives,ANTH,,,
ANTH 49700,Senior Honors Seminar,ANTH,,,
ANTH 49800,Senior Honors Paper,ANTH,,,
ANTH 50400,Archaeological Theory,ANTH,,,
ANTH 50500,Culture And Society,ANTH,,,
ANTH 50600,The Development Of Modern Anthropology,ANTH,,,
ANTH 50700,History Of Theory In Anthropology,ANTH,,,
ANTH 51400,Anthropological Linguistics,ANTH,,,
ANTH 51900,Introduction To Semiotics,ANTH,,,
ANTH 52300,GIS For Humanities And Social Science Research,ANTH,,,
ANTH 53400,Human Osteology,ANTH,,,
ANTH 53500,Foundations Of Biological Anthropology,ANTH,,,
ANTH 53600,Primate Ecology,ANTH,,,
ANTH 56300,Historical Linguistics,ANTH,,,
ANTH 56500,Sociolinguistics,ANTH,,,
ANTH 57500,Economic Anthropology,ANTH,,,
ANTH 58900,Archaeology And Materials Science,ANTH,,,
ANTH 59000,Individual Research Problems,ANTH,,,
ANTH 59200,Selected Topics In Anthropology,ANTH,,,
ANTH 60500,Seminar In Ethnographic Analysis,ANTH,,,
ANTH 60600,Quantitative Research Design,ANTH,,,
ANTH 60800,Proseminar In Graduate Studies In Anthropology,ANTH,,,
ANTH 60900,Seminar In Anthropology,ANTH,,,
ANTH 61100,Special Topics In Archaeology,ANTH,,,
ANTH 62000,Special Topics In Cultural Anthropology,ANTH,,,
ANTH 62700,Political Ecology,ANTH,,,
ANTH 63000,Academic Professional Development,ANTH,,,
ANTH 64000,Foundations And Frameworks: Applying Anthropology,ANTH,,,
ANTH 64100,Discovery And Design: Making Projects Work,ANTH,,,
ANTH 64200,Public Engagement: Using Anthropological Knowledge,ANTH,,,
ANTH 67300,Seminar In The Anthropology Of Religion,ANTH,,,
ANTH 69600,Research MS,ANTH,,,
ANTH 69800,Research MS Thesis,ANTH,,,
ANTH 69900,Research PhD Thesis,ANTH,,,
ARAB 10100,Standard Arabic Level I,ARAB,,,
ARAB 10200,Standard Arabic Level II,ARAB,,,
ARAB 11100,Elementary Standard Arabic Conversation I,ARAB,,,
ARAB 11200,Elementary Standard Arabic Conversation II,ARAB,,,
ARAB 12100,Qur&#8217;anic Arabic Level I,ARAB,,,
ARAB 12200,Qur&#8217;anic Arabic Level II,ARAB,,,
ARAB 20100,Standard Arabic Level III,ARAB,,,
ARAB 20200,Standard Arabic Level IV,ARAB,,,
ARAB 21100,Elementary Standard Arabic Conversation II,ARAB,,,
ARAB 21200,Elementary Standard Arabic Conversation IV,ARAB,,,
ARAB 22400,Arabic Level IV: Business Arabic,ARAB,,,
ARAB 23000,Arabic Literature In Translation,ARAB,,,
ARAB 23900,Arab Women Writers,ARAB,,,
ARAB 28000,Arabic Culture,ARAB,,,
ARAB 28100,Introduction To Islamic Civilization And Culture,ARAB,,,
ARAB 30100,Standard Arabic Level V,ARAB,,,
ARAB 30200,Standard Arabic Level VI,ARAB,,,
ARAB 33000,The Middle East On Film,ARAB,,,
ARAB 33400,North African Literature And Culture,ARAB,,,
ARAB 49000,Special Topics In Arabic,ARAB,,,
ARAB 58700,Modern Arab Thought,ARAB,,,
AD 10500,Design I,AD,,,
AD 10600,Design II,AD,,,
AD 11300,Basic Drawing,AD,,,
AD 11400,Drawing II,AD,,,
AD 11700,Black And White Photography,AD,,,
AD 11900,Color Photography,AD,,,
AD 12500,Introduction To Interior Design,AD,,,
AD 13000,Interior Design Communication,AD,,,
AD 14600,Design Drawing I,AD,,,
AD 19000,Special Topics In Art And Design,AD,,,
AD 20000,Beginning Painting,AD,,,
AD 20100,Art For Elementary School Teachers,AD,,,
AD 20200,Introduction To Art Education,AD,,,
AD 20500,Design III,AD,,,
AD 20600,Studio In Visual Communication Design,AD,,,
AD 21300,Life Drawing I,AD,,,
AD 21500,Materials And Processes,AD,,,
AD 22000,Computers In Art,AD,,,
AD 22600,History Of Art To 1400,AD,,,
AD 22700,History Of Art Since 1400,AD,,,
AD 22800,Visual Communication Design Computing I,AD,,,
AD 22900,Visual Communication Design Computing II,AD,,,
AD 22901,Visual Communication Design Sophomore Review,AD,,,
AD 23000,Interior Design I,AD,,,
AD 23300,Electronic Media Studio,AD,,,
AD 23400,Art And Design Internship Preparation,AD,,,
AD 23500,Materials And Processes II,AD,,,
AD 23600,Lighting Fundamentals For Photography,AD,,,
AD 24000,Interior Drafting And Drawing,AD,,,
AD 24200,Ceramics I,AD,,,
AD 24600,Design Drawing II,AD,,,
AD 25000,Interior Design II,AD,,,
AD 25001,Interior Design Sophomore Review,AD,,,
AD 25100,History Of Photography I,AD,,,
AD 25500,Art Appreciation,AD,,,
AD 25600,Presentation Techniques,AD,,,
AD 25601,Industrial Design Sophomore Review,AD,,,
AD 26200,Jewelry And Metalwork I,AD,,,
AD 26500,Relief Printmaking,AD,,,
AD 26600,Silkscreen Printmaking,AD,,,
AD 26700,Digital Imaging,AD,,,
AD 27000,Constructed Textiles,AD,,,
AD 27100,Dyed Textiles,AD,,,
AD 27500,Beginning Sculpture,AD,,,
AD 28000,Human Behavior And Designed Environment,AD,,,
AD 28500,Interior Components And Materials,AD,,,
AD 29000,Special Topics In Art And Design,AD,,,
AD 29199,Cooperative Experience I,AD,,,
AD 29299,Cooperative Experience II,AD,,,
AD 30000,Life Drawing II,AD,,,
AD 30200,Theory And Practice Of Elementary School Art,AD,,,
AD 30300,Art in Middle/Junior High Schools,AD,,,
AD 30400,Video Art,AD,,,
AD 30500,Industrial Design I,AD,,,
AD 30600,Industrial Design II,AD,,,
AD 30701,History Of Contemporary Photography,AD,,,
AD 31100,Ancient Greek Art,AD,,,
AD 31200,Ancient Roman Art,AD,,,
AD 31400,Experimental Drawing,AD,,,
AD 31500,Design Methodology,AD,,,
AD 31600,Seminar On Ideas In Industrial Design I: Design And Society,AD,,,
AD 31800,Fundamentals Of Interactive Multimedia Design,AD,,,
AD 31900,Web Design For Visual Communication,AD,,,
AD 32600,Physical Computing,AD,,,
AD 33000,Interior Design III,AD,,,
AD 33100,Digital Video Production And Aesthetics,AD,,,
AD 33200,Visual Communication Design I,AD,,,
AD 33300,Photo Silk Screen,AD,,,
AD 33400,New Media Culture,AD,,,
AD 33700,Commercial And Professional Practice In Photography,AD,,,
AD 33800,Advanced Interior Design Communication,AD,,,
AD 33900,Women Artists In The 20th Century,AD,,,
AD 34000,Furniture Development,AD,,,
AD 34200,Ceramics II,AD,,,
AD 34300,Northern Renaissance Art,AD,,,
AD 34400,Latin American Art In The 20th Century,AD,,,
AD 34600,Italian Renaissance Art,AD,,,
AD 34700,Lighting For Interior Environments,AD,,,
AD 34800,History Of Islamic Art,AD,,,
AD 35000,Interior Design IV,AD,,,
AD 35900,Medieval European Art,AD,,,
AD 36101,The Constructed Image,AD,,,
AD 36200,Jewelry And Metalwork,AD,,,
AD 36300,Documentary Photography,AD,,,
AD 36500,Intermediate Painting,AD,,,
AD 36600,Visual Communication Design II,AD,,,
AD 36800,Etching And Intaglio Printmaking,AD,,,
AD 36900,Lithographic Printmaking,AD,,,
AD 37000,Woven Textiles,AD,,,
AD 38000,Baroque Art,AD,,,
AD 38100,Alternative Photographic Processes,AD,,,
AD 38200,A Global History Of Modern Art,AD,,,
AD 38300,Modern Art,AD,,,
AD 38400,Contemporary Art,AD,,,
AD 38500,History Of Interior Design,AD,,,
AD 39100,History Of Chinese Art,AD,,,
AD 39399,Cooperative Experience III,AD,,,
AD 39499,Extensive Cooperative Experience IV,AD,,,
AD 39500,History Of Design,AD,,,
AD 39599,Extensive Cooperative Experience V,AD,,,
AD 39600,Art Museum Practices,AD,,,
AD 39700,Sustainability In The Built Environment,AD,,,
AD 40000,Advanced Painting,AD,,,
AD 40200,Art In Secondary School,AD,,,
AD 40400,Moldmaking And/Or Wheel-Throwing Production Techniques In Ceramics,AD,,,
AD 40500,Industrial Design III,AD,,,
AD 40600,Industrial Design IV,AD,,,
AD 41500,Professional Techniques,AD,,,
AD 41600,Seminar On Ideas In Industrial Design II: Design And Creative Problem Solving Methods,AD,,,
AD 41700,Variable Topics In Electronic And Time-Based Art,AD,,,
AD 42100,Advanced Studies In Photography And Related Media I,AD,,,
AD 43000,Interior Design V,AD,,,
AD 43100,Visual Communication Design III,AD,,,
AD 43200,Visual Communication Design IV,AD,,,
AD 43400,Professional Practice For Visual Communication Designers,AD,,,
AD 44000,Interior Detailing And Construction,AD,,,
AD 44200,Ceramics III,AD,,,
AD 45400,Modern Architecture,AD,,,
AD 46200,Metalsmithing,AD,,,
AD 46500,Professional Practice,AD,,,
AD 46800,Printmaking III,AD,,,
AD 47000,Advanced Studies In Textiles,AD,,,
AD 47800,Internship In Art And Design,AD,,,
AD 49000,Special Problems In Art And Design,AD,,,
AD 49100,Special Topics In Art,AD,,,
AD 49900,Studio Arts Professional Practice/Senior Exhibition,AD,,,
AD 50200,Curriculum Studies In Art Education,AD,,,
AD 50400,Philosophical Studies In Art Education,AD,,,
AD 51200,Interaction Design Studies,AD,,,
AD 52000,Student Visual Design Service,AD,,,
AD 52200,Interaction Design Evaluation,AD,,,
AD 53200,Cognition In Design,AD,,,
AD 53500,Furniture Design,AD,,,
AD 54200,Information Visualization Design,AD,,,
AD 55000,Research Methods In Art And Design,AD,,,
AD 55800,Directed Project Research In Studio Arts,AD,,,
AD 56800,Directed Project Research In Design,AD,,,
AD 59000,Special Art Problems,AD,,,
AD 59100,Practicum For Art And Design Teaching Assistants,AD,,,
AD 59200,Graduate Seminar In Art Or Design History,AD,,,
AD 60000,Painting,AD,,,
AD 60300,Theory In Art Seminar,AD,,,
AD 60500,Problems In Industrial Design,AD,,,
AD 60600,Problems In Visual Design,AD,,,
AD 60700,Graduate Seminar In Photography And Related Media,AD,,,
AD 60800,Advanced Typography,AD,,,
AD 60900,Information Design,AD,,,
AD 61000,Advanced Poster Design,AD,,,
AD 61100,Advanced Web Design For Visual Communication Design,AD,,,
AD 61200,Color Aesthetic And Research,AD,,,
AD 61300,Drawing,AD,,,
AD 61400,Graduate Installation And Critique,AD,,,
AD 61500,Social Issues In Industrial Design,AD,,,
AD 61600,Electronic And Time-Based Art,AD,,,
AD 62500,Applied Ornamental Design,AD,,,
AD 63500,Advanced Materials And Processes,AD,,,
AD 64000,Special Topics In Interior Design,AD,,,
AD 65800,MFA Project Research In Studio Arts,AD,,,
AD 66100,Jewelry And Metalsmithing,AD,,,
AD 66500,Printmaking,AD,,,
AD 66800,MFA Project Research In Design,AD,,,
AD 66900,Materials And Processes For The Studio Artist,AD,,,
AD 67000,Textile Art,AD,,,
AD 67500,Sculpture,AD,,,
AD 67800,Graduate Internship,AD,,,
AD 69000,Advanced Problems In Art And Design,AD,,,
AD 69100,Directed Readings In Art History,AD,,,
AD 69300,Historical Problems In Art Education,AD,,,
AD 69600,Aesthetic Development In Children,AD,,,
AD 69700,MFA Graduate Exhibition,AD,,,
AD 69800,Research MA Or MFA Thesis,AD,,,
ASAM 24000,Introduction To Asian American Studies,ASAM,,,
ASAM 34000,Contemporary Issues In Asian American Studies,ASAM,,,
ASAM 34200,Special Topics In Asian American Studies,ASAM,,,
ASAM 49000,Special Topics In Asian American Studies,ASAM,,,
ASTR 12300,Our Place In The Universe: From The Solar System To Distant Cosmos,ASTR,,,
ASTR 26300,Descriptive Astronomy: The Solar System,ASTR,,,
ASTR 26400,Descriptive Astronomy: Stars And Galaxies,ASTR,,,
ASTR 36300,The Solar System,ASTR,,,
ASTR 36400,Stars And Galaxies,ASTR,,,
ASTR 37000,Cosmology,ASTR,,,
ASTR 56000,Stellar Evolution,ASTR,,,
ASTR 56100,Galaxies And Large Scale Structure,ASTR,,,
ASTR 56200,Introduction To High Energy Astrophysics,ASTR,,,
ASTR 56300,Astroparticle Physics,ASTR,,,
ASTR 56700,Observational Techniques In Astronomy,ASTR,,,
AT 10000,Introduction To Aviation Technology,AT,,,
AT 10200,Aviation Business,AT,,,
AT 10300,Aerospace Vehicle Propulsion And Tracking Systems,AT,,,
AT 10600,Basic Aircraft Science,AT,,,
AT 10901,Introduction To Unmanned Aerial System Operations,AT,,,
AT 11600,Aircraft Science For Engineering Technology,AT,,,
AT 11901,Unmanned Aerial Systems: Safety And Risk Management,AT,,,
AT 12700,Publications Records And Regulations,AT,,,
AT 14400,Private Pilot Lectures,AT,,,
AT 14500,Private Pilot Flight,AT,,,
AT 20200,"Aerospace Vehicle Systems Design, Analysis And Operations",AT,,,
AT 20300,Aviation Operations Management,AT,,,
AT 20501,Statics For Aerostructures,AT,,,
AT 20700,Introduction To Aircraft Systems,AT,,,
AT 20802,Aircraft Materials,AT,,,
AT 20900,Civilian Unmanned Aerial Systems,AT,,,
AT 21000,Ground Trainer I,AT,,,
AT 21100,Ground Trainer II,AT,,,
AT 21900,"Unmanned Aerial Systems Design, Build, Test",AT,,,
AT 22300,Human Factors For Flight Crews,AT,,,
AT 23300,Ethics And Aviation,AT,,,
AT 24302,Commercial Flight I Under Federal Aviation Regulations Part 141,AT,,,
AT 24800,Commercial Flight II,AT,,,
AT 24802,Commercial Flight II Under Federal Aviation Regulations Part 141,AT,,,
AT 24900,Instrument Flight Lectures,AT,,,
AT 25200,Aviation Projects,AT,,,
AT 25300,Instrument Flight,AT,,,
AT 25302,Instrument Flight Under Federal Aviation Regulations Part 141,AT,,,
AT 25400,Commercial Flight Lectures,AT,,,
AT 26200,Basic Aircraft Powerplant Technology,AT,,,
AT 26502,Aircraft Electrical Systems,AT,,,
AT 26700,Fixed And Rotary Wing Assemblies,AT,,,
AT 26900,Air Traffic Control I,AT,,,
AT 27200,Introduction To Composite Technology,AT,,,
AT 27800,Nondestructive Testing For Aircraft,AT,,,
AT 28100,Traffic Control II,AT,,,
AT 28500,ATC Procedures And Weather,AT,,,
AT 28600,National Airspace Systems Operations,AT,,,
AT 29000,Aviation Project,AT,,,
AT 29300,Industrial Practice I,AT,,,
AT 29400,Industrial Practice II,AT,,,
AT 30702,Advanced Aircraft Systems,AT,,,
AT 30802,Aircraft Materials Processes,AT,,,
AT 30900,Unmanned Autonomous Aerial Systems,AT,,,
AT 30901,Introduction To UAS Sensor Technology,AT,,,
AT 31100,Aerospace Internship,AT,,,
AT 31900,"Unmanned Aerial Systems Applications, Data And Documentation",AT,,,
AT 32001,Advanced Aviation Operations,AT,,,
AT 32501,Advanced Aviation Meteorology,AT,,,
AT 32700,Advanced Transport Flight Operations,AT,,,
AT 33502,Avionics Systems,AT,,,
AT 33800,Airline Management,AT,,,
AT 34001,Aerospace Business Statistics,AT,,,
AT 35100,Flight Instructor Flight,AT,,,
AT 35200,Flight Instructor Lectures,AT,,,
AT 35300,Multi-Engine Flight,AT,,,
AT 35400,Turbine Flight Operations Lecture,AT,,,
AT 35900,Airport Management,AT,,,
AT 36201,Aviation Operations,AT,,,
AT 36302,Fundamentals Of Powerplant Systems,AT,,,
AT 36500,Instrument Flight Instructor Flight,AT,,,
AT 36600,Multi-Engine Flight Instructor Flight,AT,,,
AT 36900,Air Traffic Control,AT,,,
AT 37002,Advanced Aircraft Powerplants,AT,,,
AT 37200,Aircraft Maintenance Practices,AT,,,
AT 37600,Aircraft Gas Turbine Engine Technology I,AT,,,
AT 38100,Aviation Security,AT,,,
AT 38201,Advanced Flight Instructor Lecture,AT,,,
AT 38300,Instrument And Multiengine Instructor Flight,AT,,,
AT 38500,Design Support Analysis,AT,,,
AT 38700,Turbine Aircraft Simulation Lab,AT,,,
AT 38800,Large Aircraft Systems,AT,,,
AT 39300,Industrial Practice III,AT,,,
AT 39400,Industrial Practice IV,AT,,,
AT 39500,Turbine Aircraft Simulation Laboratory,AT,,,
AT 39600,Turbine Aircraft Flight Laboratory,AT,,,
AT 40300,Airman Certification Procedures,AT,,,
AT 40400,Turbojet Copilot Operations,AT,,,
AT 40500,Turbojet Copilot Practicum I,AT,,,
AT 40900,Unmanned Aerial Systems Project Planning And Management,AT,,,
AT 41101,Aerospace Internship II,AT,,,
AT 41200,Aviation Finance,AT,,,
AT 41600,Airline Indoctrination,AT,,,
AT 41901,Unmanned Aerial Systems Capstone,AT,,,
AT 42101,Managerial Economics In Aviation,AT,,,
AT 42201,Aerospace Risk Management,AT,,,
AT 43300,Supervised Aviation Experience,AT,,,
AT 43500,Supervised Instructional Experience,AT,,,
AT 43800,Airline Operations,AT,,,
AT 43900,Aviation Command Leadership,AT,,,
AT 44502,Aircraft Electronics,AT,,,
AT 45100,Airport Operations,AT,,,
AT 45200,Aviation Global Experience Seminar,AT,,,
AT 45300,Aviation Global Experience,AT,,,
AT 45400,Human Factors In Aviation,AT,,,
AT 45900,Airport Manager Certification,AT,,,
AT 47200,Advanced Composite Technology,AT,,,
AT 47500,Aviation Law,AT,,,
AT 47600,Aircraft Gas Turbine Engine Technology II,AT,,,
AT 47700,Aircraft Maintenance Practicum,AT,,,
AT 47900,Control Tower Operator,AT,,,
AT 48000,Advanced Aviation Manufacturing,AT,,,
AT 48100,Aviation Safety Problems,AT,,,
AT 48700,Transport Aircraft Simulation Laboratory,AT,,,
AT 49000,Aviation Project,AT,,,
AT 49200,Aircraft Airworthiness Assurance,AT,,,
AT 49300,Industrial Practice V,AT,,,
AT 49401,Capstone Project Proposal,AT,,,
AT 49501,Applied Capstone Research Project,AT,,,
AT 49600,Applied Research Proposal,AT,,,
AT 49700,Applied Research Project,AT,,,
AT 49800,Aviation Technology Capstone,AT,,,
AT 49900,Aviation Technology,AT,,,
AT 50500,Research Methods In Aviation,AT,,,
AT 50600,MS Capstone Research Project,AT,,,
AT 50700,Quantitative Research Methodologies In Transportation,AT,,,
AT 50800,Quality And Productivity In Industry And Technology,AT,,,
AT 52000,Operational Assessment And Improvement,AT,,,
AT 52100,Resource Analysis And Optimization,AT,,,
AT 52400,Managerial Economic Decision Making,AT,,,
AT 52500,Process Improvement And Simulation,AT,,,
AT 52600,Aviation Leadership,AT,,,
AT 52800,Management And Design Of Training Systems,AT,,,
AT 53000,Multi-Cultural Issues In Team Operations,AT,,,
AT 53100,International Civil Aviation Regulatory Systems,AT,,,
AT 53200,Contemporary Issues In Transportation Security,AT,,,
AT 53300,Aviation Graduate Professional Practice Internship,AT,,,
AT 54200,Aviation Fuels And Exhaust Emissions,AT,,,
AT 54300,Contemporary Issues In Airport &amp; Airline Finance,AT,,,
AT 54400,Aircraft Lifecycle Management Innovations,AT,,,
AT 54600,Aviation Financial Instruments And Operations,AT,,,
AT 54700,Airline Revenue Management,AT,,,
AT 54800,Aircraft Asset Management,AT,,,
AT 54900,Aircraft Leasing,AT,,,
AT 55000,Critical Systems Thinking,AT,,,
AT 55100,Graduate Aviation Research Seminar,AT,,,
AT 57200,Human Error And Safety,AT,,,
AT 57300,Managing The Risk Of Organizational Accidents,AT,,,
AT 57400,Exploratory Studies In Aviation Human Factors,AT,,,
AT 58100,Workshop In Aviation Technology,AT,,,
AT 59000,Special Problems In Aviation Technology,AT,,,
AT 60700,Aviation Applications Of Bayesian Inference,AT,,,
AT 64000,Aviation And Aerospace Sustainability,AT,,,
AT 65900,Airport And Transportation Sustainability,AT,,,
AT 67500,Aviation Safety Program Development,AT,,,
AT 68100,Seminar In Aviation Technology,AT,,,
AT 69000,Independent Study In Air Transportation,AT,,,
AT 69800,Research MS Thesis,AT,,,
AT 69900,Research PhD Thesis,AT,,,
BAND 11000,Marching Band,BAND,,,
BAND 11100,Symphony Orchestra,BAND,,,
BAND 11200,American Music Review,BAND,,,
BAND 11300,Jazz Ensemble,BAND,,,
BAND 11400,Basic Jazz,BAND,,,
BAND 11500,String Orchestra,BAND,,,
BAND 11600,Symphonic Band,BAND,,,
BAND 11700,Concert Band,BAND,,,
BAND 11800,Collegiate Band,BAND,,,
BAND 11900,Varsity Band,BAND,,,
BAND 12000,Applied Music Studies,BAND,,,
BAND 12100,Symphony Orchestra,BAND,,,
BAND 12200,American Music Review,BAND,,,
BAND 33000,Summer Concert Bands,BAND,,,
BAND 33100,Summer Jazz Bands,BAND,,,
BAND 34000,Renaissance Ensemble,BAND,,,
BAND 34100,Renaissance Ensemble,BAND,,,
BAND 35000,Wind Ensemble I,BAND,,,
BAND 35100,Instrument Ensemble Colloquium,BAND,,,
BAND 36000,Wind Ensemble II,BAND,,,
BAND 36100,Instrument Ensemble Colloquium,BAND,,,
BAND 43000,Summer Concert Bands,BAND,,,
BAND 43100,Summer Jazz Bands,BAND,,,
BAND 44000,Renaissance Ensemble,BAND,,,
BAND 44100,Renaissance Ensemble,BAND,,,
BAND 47000,Wind Ensemble III,BAND,,,
BAND 47100,Ensemble Colloquium,BAND,,,
BAND 48000,Wind Ensemble IV,BAND,,,
BAND 48100,Ensemble Colloquium,BAND,,,
BMS 11500,Anatomy For Veterinary Technicians I - DL,BMS,,,
BMS 11600,Anatomy For Veterinary Technicians II - DL,BMS,,,
BMS 13500,Physiology For VeterinaryTechnicians I - DL,BMS,,,
BMS 13600,Physiology For Veterinary Technicians II - DL,BMS,,,
BMS 20100,Applied Domestic Animal Anatomy With Clinical Correlations I,BMS,,,
BMS 20200,Applied Domestic Animal Anatomy With Clinical Correlations II,BMS,,,
BMS 23100,Anatomy-VN,BMS,,,
BMS 23200,Physiology-VN,BMS,,,
BMS 23300,Introduction To Pharmacology-VN,BMS,,,
BMS 23400,Clinical Physiology: A Problem Solving Approach-Distance Learning,BMS,,,
BMS 23500,Pharmacology VT-DL,BMS,,,
BMS 23600,Pharmacology II VT-DL,BMS,,,
BMS 23700,Applied Physiology With Clinical Correlations I,BMS,,,
BMS 23800,Applied Physiology With Clinical Correlations II,BMS,,,
BMS 33100,Pharmacology-VN,BMS,,,
BMS 51700,Problems In Basic Medical Sciences,BMS,,,
BMS 52400,Introduction To Confocal Microscopy And Image Analysis,BMS,,,
BMS 52900,Basic Bone Biology,BMS,,,
BMS 53400,Systemic Mammalian Physiology,BMS,,,
BMS 59800,Introduction To Research In Basic Medical Sciences,BMS,,,
BMS 60200,Special Topics In Basic Medical Sciences,BMS,,,
BMS 63100,Flow Cytometry: Theory,BMS,,,
BMS 69200,Seminar In Basic Medical Sciences,BMS,,,
BMS 69800,Research MS Thesis,BMS,,,
BMS 69900,Research PhD Thesis,BMS,,,
BMS 80100,Gross Anatomy Of The Dog And Cat,BMS,,,
BMS 80200,Comparative Anatomy,BMS,,,
BMS 80300,Applied Anatomy Of The Dog And Cat,BMS,,,
BMS 80400,Applied Anatomy Of The Horse,BMS,,,
BMS 80500,Applied Anatomy Of Production Animals,BMS,,,
BMS 80700,Veterinary Cell And Tissue Biology Design I,BMS,,,
BMS 80800,Veterinary Cell And Tissue Biology Design II,BMS,,,
BMS 81000,Foundations In Basic Medical Sciences,BMS,,,
BMS 81100,Physiology Of Domestic Animals I,BMS,,,
BMS 81200,Physiology Of Domestic Animals II,BMS,,,
BMS 81300,Principles Of Pharmacology,BMS,,,
BMS 81400,Basic And Applied Pharmacology I,BMS,,,
BMS 81401,Pharmacology Principles And Applications,BMS,,,
BMS 81500,Veterinary Neuroscience,BMS,,,
BMS 81600,Applied Pharmacology II,BMS,,,
BMS 81800,Basic And Applied Pharmacology II And Principles Of Toxicology,BMS,,,
BMS 81900,Endocrine And Neural Basis Of Seasonal Activities Of Birds And Mammals In The Wild,BMS,,,
BCHM 10000,Introduction To Biochemistry,BCHM,,,
BCHM 10100,Introduction To Biochemistry Laboratory,BCHM,,,
BCHM 22100,Analytical Biochemistry,BCHM,,,
BCHM 27500,Honors Course - Lower Division,BCHM,,,
BCHM 29000,Experimental Design Seminar,BCHM,,,
BCHM 29800,Introduction To Biochemistry Research,BCHM,,,
BCHM 29801,Head Start To Introductory Biochemistry Research,BCHM,,,
BCHM 30700,Biochemistry,BCHM,,,
BCHM 30900,Biochemistry Laboratory,BCHM,,,
BCHM 32200,Analytical Biochemistry II,BCHM,,,
BCHM 36100,Molecules,BCHM,,,
BCHM 39000,Professional Development Seminar,BCHM,,,
BCHM 39100,Internship In Biochemistry,BCHM,,,
BCHM 40000,Biochemistry Study Abroad,BCHM,,,
BCHM 42100,R For Molecular Biosciences,BCHM,,,
BCHM 42200,Computational Genomics,BCHM,,,
BCHM 43400,Medical Topics In Biochemistry,BCHM,,,
BCHM 46200,Metabolism,BCHM,,,
BCHM 46500,Biochemistry Of Life Processes,BCHM,,,
BCHM 47500,Honors Course - Upper Division,BCHM,,,
BCHM 49000,Undergraduate Seminar,BCHM,,,
BCHM 49500,Special Assignments,BCHM,,,
BCHM 49800,Research In Biochemistry,BCHM,,,
BCHM 49801,Head Start To Biochemistry Research,BCHM,,,
BCHM 49900,Honors Thesis In Biochemistry,BCHM,,,
BCHM 52100,Comparative Genomics,BCHM,,,
BCHM 53600,Biological And Structural Aspects Of Drug Design And Action,BCHM,,,
BCHM 56100,General Biochemistry I,BCHM,,,
BCHM 56200,General Biochemistry II,BCHM,,,
BCHM 59500,Current Topics In Biochemistry,BCHM,,,
BCHM 60100,Critical Thinking And Communication In Biochemistry I,BCHM,,,
BCHM 60200,Critical Thinking And Communication In Biochemistry II,BCHM,,,
BCHM 60300,Introduction To Graduate Research In Biochemistry I,BCHM,,,
BCHM 60400,Introduction To Graduate Research In Biochemistry II,BCHM,,,
BCHM 60501,Macromolecules,BCHM,,,
BCHM 61000,Regulation Of Eukaryotic Gene Expression,BCHM,,,
BCHM 61100,Chromatin Biology And Chromosome Dynamics,BCHM,,,
BCHM 61200,Bioinformatic Analysis Of Genome Scale Data,BCHM,,,
BCHM 61501,Pathways,BCHM,,,
BCHM 62000,Protein Mass Spectrometry And Proteomics,BCHM,,,
BCHM 64000,Metabolic Plant Physiology,BCHM,,,
BCHM 69000,Seminar In Biochemistry,BCHM,,,
BCHM 69500,Special Topics In Biochemistry,BCHM,,,
BCHM 69800,Research MS Thesis,BCHM,,,
BCHM 69900,Research PhD Thesis,BCHM,,,
BIOL 11000,Fundamentals Of Biology I,BIOL,,,
BIOL 11100,Fundamentals Of Biology II,BIOL,,,
BIOL 11200,Fundamentals Of Biology,BIOL,,,
BIOL 11300,Fundamentals Of Biology,BIOL,,,
BIOL 11500,Biology Resource Seminar,BIOL,,,
BIOL 12100,"Biology I: Diversity, Ecology, And Behavior",BIOL,,,
BIOL 13100,"Biology II: Development, Structure, And Function Of Organisms",BIOL,,,
BIOL 13500,First Year Biology Laboratory,BIOL,,,
BIOL 14501,First Year Biology Laboratory With Neuro Research Project,BIOL,,,
BIOL 14503,First Year Biology Lab: Disease Ecology-Honors,BIOL,,,
BIOL 19500,Special Assignments,BIOL,,,
BIOL 19700,Biology Freshman Honors Seminar,BIOL,,,
BIOL 20100,Human Anatomy And Physiology,BIOL,,,
BIOL 20200,Human Anatomy And Physiology,BIOL,,,
BIOL 20300,Human Anatomy And Physiology,BIOL,,,
BIOL 20400,Human Anatomy And Physiology,BIOL,,,
BIOL 20500,Biology For Elementary School Teachers,BIOL,,,
BIOL 20600,Biology For Elementary School Teachers,BIOL,,,
BIOL 22100,Introduction To Microbiology,BIOL,,,
BIOL 23000,Biology Of The Living Cell,BIOL,,,
BIOL 23100,Biology III: Cell Structure And Function,BIOL,,,
BIOL 23200,Laboratory In Biology III: Cell Structure And Function,BIOL,,,
BIOL 24100,Biology IV: Genetics And Molecular Biology,BIOL,,,
BIOL 24200,Laboratory In Biology IV: Genetics And Molecular Biology,BIOL,,,
BIOL 28600,Introduction To Ecology And Evolution,BIOL,,,
BIOL 29199,Cooperative Experience I,BIOL,,,
BIOL 29299,Cooperative Experience II,BIOL,,,
BIOL 29300,Sophomore Seminar: Planning Your Future In Biology,BIOL,,,
BIOL 29400,Biology Research,BIOL,,,
BIOL 29500,Special Assignments,BIOL,,,
BIOL 31200,Great Issues Genomics And Society,BIOL,,,
BIOL 31800,The COVID-19 Pandemic,BIOL,,,
BIOL 32101,Experimental Design And Quantitative Analysis Honors,BIOL,,,
BIOL 32800,Principles Of Physiology,BIOL,,,
BIOL 36700,Principles Of Development,BIOL,,,
BIOL 36701,Principles Of Development Lab,BIOL,,,
BIOL 39300,Preparing For Your Future In Biology,BIOL,,,
BIOL 39399,Cooperative Experience III,BIOL,,,
BIOL 39499,Extensive Cooperative Experience IV,BIOL,,,
BIOL 39500,Special Assignments,BIOL,,,
BIOL 39599,Extensive Cooperative Experience V,BIOL,,,
BIOL 39600,Premedical Planning Seminar,BIOL,,,
BIOL 39699,Professional Practice Internship,BIOL,,,
BIOL 39800,Biology Teaching,BIOL,,,
BIOL 41500,Introduction To Molecular Biology,BIOL,,,
BIOL 41600,Viruses And Viral Disease,BIOL,,,
BIOL 42000,Eukaryotic Cell Biology,BIOL,,,
BIOL 43200,Reproductive Physiology,BIOL,,,
BIOL 43600,Neurobiology,BIOL,,,
BIOL 43800,General Microbiology,BIOL,,,
BIOL 43900,Laboratory In General Microbiology,BIOL,,,
BIOL 44100,Biology Senior Seminar In Genetics,BIOL,,,
BIOL 44201,Introductory Module: Protein Expression,BIOL,,,
BIOL 44202,Animal Physiology,BIOL,,,
BIOL 44203,Bacterial Synthetic Biology Laboratory,BIOL,,,
BIOL 44205,Introduction To LabVIEW,BIOL,,,
BIOL 44207,Exploration Of Protein Structure,BIOL,,,
BIOL 44211,Laboratory In Anatomy And Physiology,BIOL,,,
BIOL 44212,Microscopy And Cell Biology,BIOL,,,
BIOL 44215,Multidisciplinary Design Of Systems And Devices For Physiology Measurements,BIOL,,,
BIOL 44400,Human Genetics,BIOL,,,
BIOL 44600,Molecular Bacterial Pathogenesis,BIOL,,,
BIOL 47500,Senior Seminar In Neurobiology,BIOL,,,
BIOL 47800,Introduction To Bioinformatics,BIOL,,,
BIOL 48100,Eukaryotic Genetics,BIOL,,,
BIOL 48300,Great Issues: Environmental And Conservation Biology,BIOL,,,
BIOL 49400,Biology Research,BIOL,,,
BIOL 49500,Special Assignments,BIOL,,,
BIOL 49700,Biology Honors Seminar,BIOL,,,
BIOL 49800,Biology Teaching,BIOL,,,
BIOL 49900,Biology Honors Thesis Research,BIOL,,,
BIOL 51600,Molecular Biology Of Cancer,BIOL,,,
BIOL 51700,Molecular Biology: Proteins,BIOL,,,
BIOL 52900,Bacterial Physiology,BIOL,,,
BIOL 53300,Medical Microbiology,BIOL,,,
BIOL 53601,Biological And Structural Aspects Of Drug Design And Action,BIOL,,,
BIOL 53700,Immunobiology,BIOL,,,
BIOL 53800,"Molecular, Cellular, And Developmental Neurobiology",BIOL,,,
BIOL 54100,Molecular Genetics Of Bacteria,BIOL,,,
BIOL 54200,Modular Upper-Division Laboratory Course,BIOL,,,
BIOL 54900,Microbial Ecology,BIOL,,,
BIOL 55001,Eukaryotic Molecular Biology,BIOL,,,
BIOL 55900,Endocrinology,BIOL,,,
BIOL 56200,Neural Systems,BIOL,,,
BIOL 56310,Protein Bioinformatics,BIOL,,,
BIOL 58000,Evolution,BIOL,,,
BIOL 58010,Teaching Evolution: Online Course,BIOL,,,
BIOL 58210,Ecological Statistics,BIOL,,,
BIOL 58705,Animal Communication,BIOL,,,
BIOL 59100,Field Ecology,BIOL,,,
BIOL 59200,The Evolution Of Behavior,BIOL,,,
BIOL 59500,Special Assignments,BIOL,,,
BIOL 60000,Bioenergetics,BIOL,,,
BIOL 60200,Cellular Neurobiology,BIOL,,,
BIOL 61100,Crystallography Of Macromolecules,BIOL,,,
BIOL 62000,Advanced Topics In Eukaryotic Cell Biology,BIOL,,,
BIOL 64700,Membrane Protein Structural Biology,BIOL,,,
BIOL 65001,Techniques In Molecular Biology,BIOL,,,
BIOL 65200,Advanced Ecology Discussion,BIOL,,,
BIOL 66200,Seminar Methods And Professional Development I,BIOL,,,
BIOL 66300,Seminar Methods And Professional Development II,BIOL,,,
BIOL 69100,Biological Research Methods,BIOL,,,
BIOL 69500,Special Assignments,BIOL,,,
BIOL 69600,Seminar,BIOL,,,
BIOL 69800,Research MS Thesis,BIOL,,,
BIOL 69900,Research PhD Thesis,BIOL,,,
BME 19500,Selected Topics In Biomedical Engineering,BME,,,
BME 20100,"Biomolecules: Structure, Function, And Engineering Applications",BME,,,
BME 20400,Biomechanics Of Hard And Soft Tissues,BME,,,
BME 20500,Biomolecular And Cellular Systems Laboratory,BME,,,
BME 20600,Biomechanics And Biomaterials Laboratory,BME,,,
BME 20700,Bioinstrumentation And Circuit Theory,BME,,,
BME 21400,Introduction To Biomechanical Analysis,BME,,,
BME 25600,Physiological Modeling In Human Health,BME,,,
BME 29000,Frontiers In Biomedical Engineering,BME,,,
BME 29199,Cooperative Experience I,BME,,,
BME 29299,Cooperative Experience II,BME,,,
BME 29500,Selected Topics In Biomedical Engineering,BME,,,
BME 29600,Biomedical Engineering Projects,BME,,,
BME 30100,Bioelectricity,BME,,,
BME 30400,Biomedical Transport Fundamentals,BME,,,
BME 30500,Bioinstrumentation Circuit And Measurement Principles,BME,,,
BME 30600,Biotransport Laboratory,BME,,,
BME 31400,Experimental Methods In Biomechanics,BME,,,
BME 35600,Mathematical Models And Methods In Physiology,BME,,,
BME 36000,Introduction To Biomedical Imaging,BME,,,
BME 36600,Foundations Of Biomedical Data Science,BME,,,
BME 38000,Professionalization In Biomedical Engineering,BME,,,
BME 38900,Junior Experimental Design Laboratory,BME,,,
BME 39000,Professional Development And Design In Biomedical Engineering,BME,,,
BME 39399,Cooperative Experience III,BME,,,
BME 39499,Extensive Cooperative Experience IV,BME,,,
BME 39500,Selected Topics In Biomedical Engineering,BME,,,
BME 39599,Extensive Cooperative Experience V,BME,,,
BME 39699,Professional Practice Internship,BME,,,
BME 40100,"Mathematical &amp; Computational Analysis Of Complex System Dynamics In Biology, Medicine, &amp; Healthcare",BME,,,
BME 40500,Biomedical Engineering Design Project,BME,,,
BME 41000,Neural Engineering,BME,,,
BME 43000,Introduction To Bioimaging,BME,,,
BME 44000,Computational Mechanics In Biomedical Engineering,BME,,,
BME 45000,Deep Learning For Medical Imaging,BME,,,
BME 46000,Cardiovascular Mechanical Support And Devices,BME,,,
BME 47000,Biomolecular Engineering,BME,,,
BME 48800,Preliminary Senior Project Design,BME,,,
BME 48900,Senior Design Project Lab,BME,,,
BME 48901,Senior Design Project,BME,,,
BME 49000,Professional Elements Of Design,BME,,,
BME 49500,Selected Topics In Biomedical Engineering,BME,,,
BME 49800,Biomedical Engineering Projects,BME,,,
BME 50100,Multivariate Analyses In Biostatistics,BME,,,
BME 51100,Biomedical Signal Processing,BME,,,
BME 51500,Practical MRI And Applications,BME,,,
BME 52100,Biosensors: Fundamentals And Applications,BME,,,
BME 52800,Measurement And Stimulation Of The Nervous System,BME,,,
BME 54000,Biomechanics,BME,,,
BME 55100,Tissue Engineering,BME,,,
BME 55300,Biomedical Optics,BME,,,
BME 55500,Magnetic Resonance Imaging Theory,BME,,,
BME 55600,Introduction To Clinical Medicine For Engineering Solutions,BME,,,
BME 56100,Preclinical And Clinical Study Design,BME,,,
BME 56200,Regulatory Issues Surrounding Approval Of Biomedical Devices,BME,,,
BME 56300,Quality Systems For Regulatory Compliance,BME,,,
BME 56400,Ethical Engineering Of Medical Technologies,BME,,,
BME 58100,Bio-Micro-Electro-Mechanical Systems,BME,,,
BME 58300,Biomaterials,BME,,,
BME 59500,Selected Topics In Biomedical Engineering,BME,,,
BME 60000,Mentoring For Combined Degree,BME,,,
BME 64600,Deep Learning - Theory And Practice Of Deep Neural Networks,BME,,,
BME 68300,Polymers In Biomedical And Pharmaceutical Systems,BME,,,
BME 69000,Seminar In Biomedical Engineering,BME,,,
BME 69500,Advanced Topics In Biomedical Engineering,BME,,,
BME 69600,Advanced Biomedical Engineering Projects,BME,,,
BME 69699,Biomedical Engineering Professional Practice Graduate Internship,BME,,,
BME 69700,Directed Reading In Biomedical Engineering,BME,,,
BME 69800,Research MS Thesis,BME,,,
BME 69900,Research PhD Thesis,BME,,,
BTNY 11000,Introduction To Plant Science,BTNY,,,
BTNY 12000,Principles Of Plant Biology I,BTNY,,,
BTNY 12100,Principles Of Plant Biology II,BTNY,,,
BTNY 20700,The Microbial World,BTNY,,,
BTNY 20800,Introduction To Plant Science Research,BTNY,,,
BTNY 26200,Plant Structure And Tissue Biology,BTNY,,,
BTNY 27500,Honors Course - Lower Division,BTNY,,,
BTNY 28500,Plants And Civilization,BTNY,,,
BTNY 29800,Research In Plant Science,BTNY,,,
BTNY 30100,Introductory Plant Pathology,BTNY,,,
BTNY 30200,Plant Ecology,BTNY,,,
BTNY 30400,Introductory Weed Science,BTNY,,,
BTNY 30500,Plant Evolution And Taxonomy,BTNY,,,
BTNY 35000,Biotechnology In Agriculture,BTNY,,,
BTNY 39000,Selected Topics In Plant Science,BTNY,,,
BTNY 40000,Botany And Plant Pathology Study Abroad,BTNY,,,
BTNY 42000,Plant Cellular And Developmental Biology,BTNY,,,
BTNY 43100,Planning For International Engagement Methods,BTNY,,,
BTNY 43110,International Engagement Methods,BTNY,,,
BTNY 43120,Evaluating International Engagement Methods,BTNY,,,
BTNY 47500,Honors Course - Upper Division,BTNY,,,
BTNY 49700,Undergraduate Seminar,BTNY,,,
BTNY 49800,Research In Plant Science,BTNY,,,
BTNY 49900,Thesis Research,BTNY,,,
BTNY 50400,Advanced Weed Science,BTNY,,,
BTNY 50500,Advanced Biology Of Weeds,BTNY,,,
BTNY 52500,Intermediate Plant Pathology,BTNY,,,
BTNY 53500,Plant Disease Epidemiology,BTNY,,,
BTNY 55000,Biology Of Fungi,BTNY,,,
BTNY 55101,Plant Responses To The Environment,BTNY,,,
BTNY 55200,Molecular Approaches In Plant Biology,BTNY,,,
BTNY 55300,Plant Growth And Development,BTNY,,,
BTNY 55800,Pathogens Of Plants,BTNY,,,
BTNY 56100,Survey Of Mathematical Biology,BTNY,,,
BTNY 56200,Plant Hormone Biology,BTNY,,,
BTNY 59000,Special Problems,BTNY,,,
BTNY 60500,Diagnosis Of Plant Diseases,BTNY,,,
BTNY 61300,Advanced Plant Pathology,BTNY,,,
BTNY 66000,Scientific Writing,BTNY,,,
BTNY 69100,Skills For Success In Grad School,BTNY,,,
BTNY 69700,Seminar In The Plant Sciences,BTNY,,,
BTNY 69800,Research MS Thesis,BTNY,,,
BTNY 69900,Research PhD Thesis,BTNY,,,
BCM 11201,Construction Surveying Fundamentals,BCM,,,
BCM 17500,Construction Materials And Methods,BCM,,,
BCM 21200,Construction Layout,BCM,,,
BCM 21500,Mechanical Construction,BCM,,,
BCM 21601,Electrical Construction,BCM,,,
BCM 23000,Mechanical And Electrical Systems,BCM,,,
BCM 25001,Construction Project And Administrative Management,BCM,,,
BCM 27500,Construction Plans And Measurements,BCM,,,
BCM 28500,Construction Mechanics,BCM,,,
BCM 30101,Introduction To Construction Company Financial Management,BCM,,,
BCM 31500,Mechanical Construction Estimating,BCM,,,
BCM 31600,Electrical Construction Estimating,BCM,,,
BCM 31700,Mechanical And Electrical Construction Management,BCM,,,
BCM 32000,Introduction To Disaster Restoration And Reconstruction Management,BCM,,,
BCM 33000,Introduction To Demolition And Reconstruction Management,BCM,,,
BCM 34000,Introduction To Healthcare Construction Management,BCM,,,
BCM 34100,Advanced Topics In Healthcare Construction Management,BCM,,,
BCM 34500,Scheduling,BCM,,,
BCM 35000,Construction Site Planning,BCM,,,
BCM 35501,Construction Site Supervision,BCM,,,
BCM 36000,Residential Construction,BCM,,,
BCM 36200,Construction Competition,BCM,,,
BCM 37500,Estimating,BCM,,,
BCM 38000,Concrete Construction,BCM,,,
BCM 38501,Soils In Construction,BCM,,,
BCM 41200,Field Engineering,BCM,,,
BCM 41700,Design/Build For Mep Contractors,BCM,,,
BCM 45500,Construction Company Management,BCM,,,
BCM 45701,Construction Safety,BCM,,,
BCM 46200,Residential Design Build,BCM,,,
BCM 47500,Construction Costs,BCM,,,
BCM 48701,Construction Capstone,BCM,,,
BCM 49700,Special Topics In Construction,BCM,,,
BCM 49900,Special Assignments,BCM,,,
BCM 51000,"Topics In Environmentally Sustainable Construction, Design And Development",BCM,,,
BCM 53500,Construction Accounting And Financial Management,BCM,,,
BCM 54000,Law For Construction Managers,BCM,,,
BCM 57200,Construction Research Fundamentals,BCM,,,
BCM 58100,Workshop In Building Construction Management Technology,BCM,,,
CHE 20000,Chemical Engineering Seminar,CHE,,,
CHE 20100,Cooperative Seminar I,CHE,,,
CHE 20500,Chemical Engineering Calculations,CHE,,,
CHE 21100,Introductory Chemical Engineering Thermodynamics,CHE,,,
CHE 29199,Cooperative Experience I,CHE,,,
CHE 29299,Cooperative Experience II,CHE,,,
CHE 30000,Chemical Engineering Seminar,CHE,,,
CHE 30100,Cooperative Seminar II,CHE,,,
CHE 30600,Design Of Staged Separation Processes,CHE,,,
CHE 32000,Statistical Modeling And Quality Enhancement,CHE,,,
CHE 33000,Principles Of Molecular Engineering,CHE,,,
CHE 34800,Chemical Reaction Engineering,CHE,,,
CHE 37700,Momentum Transfer,CHE,,,
CHE 37800,Heat And Mass Transfer,CHE,,,
CHE 38199,Professional Practice Co-Op I,CHE,,,
CHE 38299,Professional Practice Co-Op II,CHE,,,
CHE 38399,Professional Practice Co-Op III,CHE,,,
CHE 38499,Professional Practice Cooperative IV,CHE,,,
CHE 39399,Cooperative Experience III,CHE,,,
CHE 39499,Extensive Cooperative Experience IV,CHE,,,
CHE 39599,Extensive Cooperative Experience V,CHE,,,
CHE 39699,Professional Practice Internship,CHE,,,
CHE 40000,Chemical Engineering Seminar,CHE,,,
CHE 40100,Cooperative Seminar III,CHE,,,
CHE 41100,ChE Undergraduate Research,CHE,,,
CHE 41200,Chemical Engineering Design Research Problems,CHE,,,
CHE 42000,Process Safety Management And Analysis,CHE,,,
CHE 43500,Chemical Engineering Laboratory,CHE,,,
CHE 44200,Chemistry And Engineering Of High Polymers,CHE,,,
CHE 45000,Design And Analysis Of Processing Systems,CHE,,,
CHE 45600,Process Dynamics And Control,CHE,,,
CHE 46100,Biomedical Engineering,CHE,,,
CHE 46300,Applications Of Chemical Engineering Principles,CHE,,,
CHE 49500,Chemical Engineering Study Abroad,CHE,,,
CHE 49700,Special Topics In Chemical Engineering,CHE,,,
CHE 49800,Undergraduate Thesis Research I,CHE,,,
CHE 49900,Undergraduate Thesis Research II,CHE,,,
CHE 50100,Medical Devices - Development And Clinical Application,CHE,,,
CHE 52100,Principles Of Tissue Engineering,CHE,,,
CHE 52300,Engineering Applications Of Biological Molecules,CHE,,,
CHE 52500,Biochemical Engineering,CHE,,,
CHE 53600,Particulate Systems,CHE,,,
CHE 53800,Design And Processing Of Particulate Products,CHE,,,
CHE 54000,Transport Phenomena,CHE,,,
CHE 54300,Polymerization Reaction Engineering And Reactor Analysis,CHE,,,
CHE 54400,Structure And Physical Behavior Of Polymer Systems,CHE,,,
CHE 55100,Principles Of Pharmaceutical Engineering,CHE,,,
CHE 55300,"Pharmaceutical Process, Development And Design",CHE,,,
CHE 55400,Smart Manufacturing In Process Industries,CHE,,,
CHE 55500,Computer Integrated Process Operations,CHE,,,
CHE 55800,Rate-Controlled Separation Processes,CHE,,,
CHE 56000,Introduction To Energy Storage Systems,CHE,,,
CHE 56200,Battery Systems,CHE,,,